{"Gauge":{"Alloc":353808,"BuckHashSys":3865,"Frees":45962,"GCCPUFraction":0.000001453537979429676,"GCSys":4305240,"HeapAlloc":353808,"HeapIdle":6545408,"HeapInuse":1286144,"HeapObjects":1801,"HeapReleased":3088384,"HeapSys":7831552,"LastGC":353808,"Lookups":0,"MCacheInuse":9600,"MCacheSys":15600,"MSpanInuse":62016,"MSpanSys":114240,"Mallocs":47763,"NextGC":4194304,"NumForcedGC":0,"NumGC":1,"OtherSys":1478511,"PauseTotalNs":89596,"RandomValue":0.9789293555766876,"StackInuse":557056,"StackSys":557056,"Sys":14306064,"TotalAlloc":4095248},"Counter":{"PollCount":678}}